instance,best_vehicles,best_distance,avg_time_s,num_runs,alpha,beta,rho,q0
c101C5.txt,1,309.2298026824592,4.450087070465088,3,1,1,0.1,0.5
c101C5.txt,1,309.2298026824592,5.836564779281616,3,1,1,0.1,0.7
c101C5.txt,1,309.2298026824592,4.400139729181926,3,1,1,0.1,0.9
c101C5.txt,1,309.2298026824592,7.253307660420735,3,1,1,0.2,0.5
c101C5.txt,1,309.2298026824592,5.944014151891072,3,1,1,0.2,0.7
c101C5.txt,1,309.2298026824592,4.393041769663493,3,1,1,0.2,0.9
c101C5.txt,1,309.2298026824592,7.336522340774536,3,1,1,0.5,0.5
c101C5.txt,1,309.2298026824592,5.850237607955933,3,1,1,0.5,0.7
c101C5.txt,1,309.2298026824592,4.422680854797363,3,1,1,0.5,0.9
c101C5.txt,1,309.2298026824592,7.263206164042155,3,1,2,0.1,0.5
c101C5.txt,1,309.2298026824592,5.916746298472087,3,1,2,0.1,0.7
c101C5.txt,1,309.2298026824592,4.389936129252116,3,1,2,0.1,0.9
c101C5.txt,1,309.2298026824592,7.126649538675944,3,1,2,0.2,0.5
c101C5.txt,1,309.2298026824592,6.096638758977254,3,1,2,0.2,0.7
c101C5.txt,1,309.2298026824592,4.313382784525554,3,1,2,0.2,0.9
c101C5.txt,1,309.2298026824592,7.029992341995239,3,1,2,0.5,0.5
c101C5.txt,1,309.2298026824592,5.607834577560425,3,1,2,0.5,0.7
c101C5.txt,1,309.2298026824592,4.282127221425374,3,1,2,0.5,0.9
c101C5.txt,1,309.2298026824592,7.143301884333293,3,1,3,0.1,0.5
c101C5.txt,1,309.2298026824592,6.100028435389201,3,1,3,0.1,0.7
c101C5.txt,1,309.2298026824592,4.423223336537679,3,1,3,0.1,0.9
c101C5.txt,1,309.2298026824592,7.2799754937489825,3,1,3,0.2,0.5
c101C5.txt,1,309.2298026824592,6.022912422815959,3,1,3,0.2,0.7
c101C5.txt,1,309.2298026824592,4.529283285140991,3,1,3,0.2,0.9
c101C5.txt,1,309.2298026824592,7.469517151514689,3,1,3,0.5,0.5
c101C5.txt,1,309.2298026824592,6.0716337362925215,3,1,3,0.5,0.7
c101C5.txt,1,309.2298026824592,4.589860677719116,3,1,3,0.5,0.9
c101C5.txt,1,309.2298026824592,7.163333257039388,3,1,4,0.1,0.5
c101C5.txt,1,309.2298026824592,5.726585229237874,3,1,4,0.1,0.7
c101C5.txt,1,309.2298026824592,4.421667257944743,3,1,4,0.1,0.9
c101C5.txt,1,309.2298026824592,7.484996954600017,3,1,4,0.2,0.5
c101C5.txt,1,309.2298026824592,5.994288523991902,3,1,4,0.2,0.7
c101C5.txt,1,309.2298026824592,4.619106372197469,3,1,4,0.2,0.9
c101C5.txt,1,309.2298026824592,7.979966402053833,3,1,4,0.5,0.5
c101C5.txt,1,309.2298026824592,6.090029716491699,3,1,4,0.5,0.7
c101C5.txt,1,309.2298026824592,4.4832823276519775,3,1,4,0.5,0.9
c101C5.txt,1,309.2298026824592,7.453310410181682,3,2,1,0.1,0.5
c101C5.txt,1,309.2298026824592,5.980993191401164,3,2,1,0.1,0.7
c101C5.txt,1,309.2298026824592,4.386999766031901,3,2,1,0.1,0.9
c101C5.txt,1,309.2298026824592,7.5193131764729815,3,2,1,0.2,0.5
c101C5.txt,1,309.2298026824592,5.995861132939656,3,2,1,0.2,0.7
c101C5.txt,1,309.2298026824592,4.443371057510376,3,2,1,0.2,0.9
c101C5.txt,1,309.2298026824592,7.24002210299174,3,2,1,0.5,0.5
c101C5.txt,1,309.2298026824592,5.974664847056071,3,2,1,0.5,0.7
c101C5.txt,1,309.2298026824592,4.46192463239034,3,2,1,0.5,0.9
c101C5.txt,1,309.2298026824592,7.467900037765503,3,2,2,0.1,0.5
c101C5.txt,1,309.2298026824592,5.975348552068074,3,2,2,0.1,0.7
c101C5.txt,1,309.2298026824592,4.433388630549113,3,2,2,0.1,0.9
c101C5.txt,1,309.2298026824592,7.142180681228638,3,2,2,0.2,0.5
c101C5.txt,1,309.2298026824592,5.859240531921387,3,2,2,0.2,0.7
c101C5.txt,1,309.2298026824592,4.478437344233195,3,2,2,0.2,0.9
c101C5.txt,1,309.2298026824592,7.340078433354695,3,2,2,0.5,0.5
c101C5.txt,1,309.2298026824592,6.018280029296875,3,2,2,0.5,0.7
c101C5.txt,1,309.2298026824592,4.384965260823567,3,2,2,0.5,0.9
c101C5.txt,1,309.2298026824592,7.403597990671794,3,2,3,0.1,0.5
c101C5.txt,1,309.2298026824592,5.982396999994914,3,2,3,0.1,0.7
c101C5.txt,1,309.2298026824592,4.416098674138387,3,2,3,0.1,0.9
c101C5.txt,1,309.2298026824592,7.382905085881551,3,2,3,0.2,0.5
c101C5.txt,1,309.2298026824592,6.058124144872029,3,2,3,0.2,0.7
c101C5.txt,1,309.2298026824592,4.401853084564209,3,2,3,0.2,0.9
c101C5.txt,1,309.2298026824592,7.474835395812988,3,2,3,0.5,0.5
c101C5.txt,1,309.2298026824592,5.966653664906819,3,2,3,0.5,0.7
c101C5.txt,1,309.2298026824592,4.2946046988169355,3,2,3,0.5,0.9
c101C5.txt,1,309.2298026824592,7.338761170705159,3,2,4,0.1,0.5
c101C5.txt,1,309.2298026824592,5.993239402770996,3,2,4,0.1,0.7
c101C5.txt,1,309.2298026824592,4.256735722223918,3,2,4,0.1,0.9
c101C5.txt,1,309.2298026824592,7.4299038251241045,3,2,4,0.2,0.5
c101C5.txt,1,309.2298026824592,6.000058015187581,3,2,4,0.2,0.7
c101C5.txt,1,309.2298026824592,4.300806125005086,3,2,4,0.2,0.9
c101C5.txt,1,309.2298026824592,7.0493083000183105,3,2,4,0.5,0.5
c101C5.txt,1,309.2298026824592,5.74899689356486,3,2,4,0.5,0.7
c101C5.txt,1,309.2298026824592,4.277488946914673,3,2,4,0.5,0.9
c101C5.txt,1,309.2298026824592,7.053170045216878,3,3,1,0.1,0.5
c101C5.txt,1,309.2298026824592,5.837774197260539,3,3,1,0.1,0.7
c101C5.txt,1,309.2298026824592,4.322165807088216,3,3,1,0.1,0.9
c101C5.txt,1,309.2298026824592,7.213452021280925,3,3,1,0.2,0.5
c101C5.txt,1,309.2298026824592,5.779891173044841,3,3,1,0.2,0.7
c101C5.txt,1,309.2298026824592,4.422247886657715,3,3,1,0.2,0.9
c101C5.txt,1,309.2298026824592,7.461059808731079,3,3,1,0.5,0.5
c101C5.txt,1,309.2298026824592,5.916709502538045,3,3,1,0.5,0.7
c101C5.txt,1,309.2298026824592,4.377585411071777,3,3,1,0.5,0.9
c101C5.txt,1,309.2298026824592,7.332862536112468,3,3,2,0.1,0.5
c101C5.txt,1,309.2298026824592,5.826027234395345,3,3,2,0.1,0.7
c101C5.txt,1,309.2298026824592,4.386716763178508,3,3,2,0.1,0.9
c101C5.txt,1,309.2298026824592,7.399933894475301,3,3,2,0.2,0.5
c101C5.txt,1,309.2298026824592,5.896716833114624,3,3,2,0.2,0.7
c101C5.txt,1,309.2298026824592,4.4539923667907715,3,3,2,0.2,0.9
c101C5.txt,1,309.2298026824592,7.447320063908895,3,3,2,0.5,0.5
c101C5.txt,1,309.2298026824592,6.081904967625936,3,3,2,0.5,0.7
c101C5.txt,1,309.2298026824592,4.500070810317993,3,3,2,0.5,0.9
c101C5.txt,1,309.2298026824592,7.45326288541158,3,3,3,0.1,0.5
c101C5.txt,1,309.2298026824592,6.031650940577189,3,3,3,0.1,0.7
c101C5.txt,1,309.2298026824592,4.511698643366496,3,3,3,0.1,0.9
c101C5.txt,1,309.2298026824592,7.401676416397095,3,3,3,0.2,0.5
c101C5.txt,1,309.2298026824592,6.044784625371297,3,3,3,0.2,0.7
c101C5.txt,1,309.2298026824592,4.507590452829997,3,3,3,0.2,0.9
c101C5.txt,1,309.2298026824592,7.669109503428142,3,3,3,0.5,0.5
c101C5.txt,1,309.2298026824592,6.114442189534505,3,3,3,0.5,0.7
c101C5.txt,1,309.2298026824592,4.492274840672811,3,3,3,0.5,0.9
c101C5.txt,1,309.2298026824592,7.583986520767212,3,3,4,0.1,0.5
c101C5.txt,1,309.2298026824592,6.057048161824544,3,3,4,0.1,0.7
c101C5.txt,1,309.2298026824592,4.505551815032959,3,3,4,0.1,0.9
c101C5.txt,1,309.2298026824592,7.606888612111409,3,3,4,0.2,0.5
c101C5.txt,1,309.2298026824592,6.073008139928182,3,3,4,0.2,0.7
c101C5.txt,1,309.2298026824592,4.550682067871094,3,3,4,0.2,0.9
c101C5.txt,1,309.2298026824592,7.305858294169108,3,3,4,0.5,0.5
c101C5.txt,1,309.2298026824592,5.993391831715901,3,3,4,0.5,0.7
c101C5.txt,1,309.2298026824592,4.47989281018575,3,3,4,0.5,0.9
c101C5.txt,1,309.2298026824592,7.589989980061849,3,4,1,0.1,0.5
c101C5.txt,1,309.2298026824592,5.933457533518474,3,4,1,0.1,0.7
c101C5.txt,1,309.2298026824592,4.469911416371663,3,4,1,0.1,0.9
c101C5.txt,1,309.2298026824592,7.553223450978597,3,4,1,0.2,0.5
c101C5.txt,1,309.2298026824592,5.851118008295695,3,4,1,0.2,0.7
c101C5.txt,1,309.2298026824592,4.315659681955974,3,4,1,0.2,0.9
c101C5.txt,1,309.2298026824592,7.189874887466431,3,4,1,0.5,0.5
c101C5.txt,1,309.2298026824592,5.753339608510335,3,4,1,0.5,0.7
c101C5.txt,1,309.2298026824592,4.396728277206421,3,4,1,0.5,0.9
c101C5.txt,1,309.2298026824592,7.516569058100383,3,4,2,0.1,0.5
c101C5.txt,1,309.2298026824592,5.946613550186157,3,4,2,0.1,0.7
c101C5.txt,1,309.2298026824592,4.438030004501343,3,4,2,0.1,0.9
c101C5.txt,1,309.2298026824592,7.558567365010579,3,4,2,0.2,0.5
c101C5.txt,1,309.2298026824592,5.970569610595703,3,4,2,0.2,0.7
c101C5.txt,1,309.2298026824592,4.424282550811768,3,4,2,0.2,0.9
c101C5.txt,1,309.2298026824592,7.5718404452006025,3,4,2,0.5,0.5
c101C5.txt,1,309.2298026824592,6.090015014012654,3,4,2,0.5,0.7
c101C5.txt,1,309.2298026824592,4.423287709554036,3,4,2,0.5,0.9
c101C5.txt,1,309.2298026824592,7.28649107615153,3,4,3,0.1,0.5
c101C5.txt,1,309.2298026824592,5.792556285858154,3,4,3,0.1,0.7
c101C5.txt,1,309.2298026824592,4.3474767208099365,3,4,3,0.1,0.9
c101C5.txt,1,309.2298026824592,7.190013885498047,3,4,3,0.2,0.5
c101C5.txt,1,309.2298026824592,5.793254931767781,3,4,3,0.2,0.7
c101C5.txt,1,309.2298026824592,4.346693754196167,3,4,3,0.2,0.9
c101C5.txt,1,309.2298026824592,7.179920117060344,3,4,3,0.5,0.5
c101C5.txt,1,309.2298026824592,5.784793059031169,3,4,3,0.5,0.7
c101C5.txt,1,309.2298026824592,4.341938336690267,3,4,3,0.5,0.9
c101C5.txt,1,309.2298026824592,7.186677694320679,3,4,4,0.1,0.5
c101C5.txt,1,309.2298026824592,5.793334007263184,3,4,4,0.1,0.7
c101C5.txt,1,309.2298026824592,4.31442666053772,3,4,4,0.1,0.9
c101C5.txt,1,309.2298026824592,7.122517824172974,3,4,4,0.2,0.5
c101C5.txt,1,309.2298026824592,5.763108253479004,3,4,4,0.2,0.7
c101C5.txt,1,309.2298026824592,4.356534322102864,3,4,4,0.2,0.9
c101C5.txt,1,309.2298026824592,7.53318206469218,3,4,4,0.5,0.5
c101C5.txt,1,309.2298026824592,6.052715460459392,3,4,4,0.5,0.7
c101C5.txt,1,309.2298026824592,4.337360143661499,3,4,4,0.5,0.9
